"user","color","emoji"
"58646123976747","","🐶"
"34752197486698","","🐱"
"79097857968461","","🐭"
"94239335830434","","🐹"
"55905880432532","","🐰"
"73334623208890","","🦊"
"29283726275564","","🐻"
"88620954234442","","🐼"
"27136140329361","","🐨"
"47104313293054","","🐯"
"54259414809876","","🦁"
"94846362897589","","🐮"
"46446435547641","","🐷"
"52123452188504","","🐽"
"71165309879540","","🐸"
"82962962045782","","🐒"
"85727221558674","","🐔"
"22114239410550","","🐧"
"23883148154189","","🐦"
"37409242353126","","🐤"
"1606903877857","","🐣"
"38448889618017","","🐥"
"61441098415032","","🦆"
"94620089975474","","🦅"
"62048418848797","","🦉"
"12358800187874","","🦇"
"19458256298423","","🐺"
"73248264739871","","🐗"
"73219359327675","","🐴"
"83691639538710","","🦄"
"96441405078601","","🐝"
"5469462604014","","🐛"
"96598742667864","","🦋"
"81072151093311","","🐌"
"17673588459227","","🐚"
"25018777477098","","🐞"
"3520274955555","","🐜"
"83467600486924","","🕷"
"57270093707959","","🕸"
"24487729381997","","🐢"
"92130657142089","","🐍"
"41361790123098","","🦎"
"73611921292548","","🦂"
"73034094727148","","🦀"
"22743248018782","","🦑"
"35579168114615","","🐙"
"91982753058887","","🦐"
"5381542074206","","🐠"
"83727273989341","","🐟"
"68966927038955","","🐡"
"27847231285575","","🐬"
"96141755392840","","🦈"
"77303793596710","","🐳"
"21639727438632","","🐋"
"32539444525046","","🐊"
"56878883185274","","🐆"
"37335714761789","","🐅"
"968317874226","","🐃"
"35229674696563","","🐂"
"56741836693483","","🐄"
"22020297414632","","🦌"
"92605928607567","","🐪"
"70325741204584","","🐫"
"48372378874743","","🐘"
"81626194753510","","🦏"
"61635505529882","","🦍"
"47041238912866","","🐎"
"81865106561158","","🐖"
"29979356531975","","🐐"
"80824296493467","","🐏"
"51286177128220","","🐑"
"67331382244514","","🐕"
"36725900618697","","🐩"
"64274440502875","","🐈"
"79385413685527","","🐓"
"555204507222","","🦃"
"63059956702897","","🕊"
"12740631966265","","🐇"
"52341099852854","","🐁"
"87254840595300","","🐀"
"32929361766637","","🐿"
"39568319050394","","🐉"
"71093385327185","","🐲"
"73297296032913","","⛄️"
"53350572126615","","🤡"
"60377368312504","","👻"
"43215716929741","","👹"
"79128786958348","","👺"
"18258604462378","","👽"
"43803585294542","","🎃"
"26939960022894","","👾"
"58587084831011","","🤖"
"2328494890745","","🎃"
"23789611656120","","⚽️"
"16118986865560","","🏀"
"956406025661","","🏈"
"27749218618380","","⚾️"
"95342057987741","","🎾"
"34442617899944","","🏐"
"81038546273968","","🏉"
"1506476803452","","🎱"
"17743379537827","","🏓"
"59071764610275","","🏸"
"83010198540524","","🎤"
"7071490728795","","🎹"
"3201322165877","","🥁"
"49062281683582","","🎷"
"16000588618219","","🎺"
"29196737021765","","🎸"
"90562104429380","","🎻"
"24960492143854","","🎲"
"24282647866887","","🎯"
"95334717163506","","🎳"
"75356895092575","","🎮"
"98265577619087","","🎰"
"43015172212857","","🚗"
"48925573122187","","🚕"
"76616080560077","","⌚️"
"26954937785377","","💽"
"15823446873493","","🖨"
"28541102459906","","💾"
"83757530890292","","🎥"
"13461820182139","","📺"
"63533899497023","","📻"
"67766407536233","","🎙"
"99839380010887","","⏰"
"12423522357094","","🛢"
"67516118971405","","💎"
"64742371702912","","🔧"
"70757815786990","","🔨"
"86362690984440","","🔩"
"74483282526248","","⚙️"
"98304930887327","","💣"
"99653772311123","","🔮"
"2985022684086","","🔬"
"96690850843065","","💊"
"7825572838925","","💉"
"93055099618181","","🛎"
"58457069172736","","🔑"
"506172655385","","🎁"
"91103423242971","","🎈"
"83862063141475","","📦"
"1916858415080","","📯"
"55554231934041","","🖌"
"24105981003","","✂️"
"54715205614788","","✏️"
"51340115839308","","🖍"
"43363331930415","","🔒"
"65338066204142","","🀄️"
"13300250569963","","🃏"
"63507715362826","","♠️"
"1791588450684","","♣️"
"20200845887978","","♥️"
"64449004393280","","♦️"
"58285659858158","","📎"
"69352724947665","","📚"
"17587986736366","","🚀"
"11428818251671","","🛰"
"82108585714413","","💺"
"89777068416484","","⛵️"
"79407023582331","","🛥"
"54651212205482","","⛽️"
"66549781601200","#3366cc","🐶"
"26629117097067","#3366cc","🐱"
"85200075192935","#3366cc","🐭"
"65480169591251","#3366cc","🐹"
"95649799888790","#3366cc","🐰"
"67773127727104","#3366cc","🦊"
"55291208278057","#3366cc","🐻"
"40633658245500","#3366cc","🐼"
"87247189594082","#3366cc","🐨"
"7971453856663","#3366cc","🐯"
"11386348033038","#3366cc","🦁"
"45709324602833","#3366cc","🐮"
"22656332013502","#3366cc","🐷"
"57850678431731","#3366cc","🐽"
"10271954215258","#3366cc","🐸"
"65766131163465","#3366cc","🐒"
"31537544462614","#3366cc","🐔"
"6899969981471","#3366cc","🐧"
"97408320706993","#3366cc","🐦"
"34433451683462","#3366cc","🐤"
"47246443315989","#3366cc","🐣"
"4976392725937","#3366cc","🐥"
"80993044320956","#3366cc","🦆"
"66719279329627","#3366cc","🦅"
"21391766900844","#3366cc","🦉"
"41355582392474","#3366cc","🦇"
"11236472200246","#3366cc","🐺"
"71028516521225","#3366cc","🐗"
"88090363139328","#3366cc","🐴"
"3042188707293","#3366cc","🦄"
"33650824070745","#3366cc","🐝"
"63652994420217","#3366cc","🐛"
"70010728095663","#3366cc","🦋"
"33919079477861","#3366cc","🐌"
"75360417494252","#3366cc","🐚"
"52868970554726","#3366cc","🐞"
"82149557435023","#3366cc","🐜"
"19642309481111","#3366cc","🕷"
"53230535077504","#3366cc","🕸"
"50171214318913","#3366cc","🐢"
"89367068321149","#3366cc","🐍"
"78416085372872","#3366cc","🦎"
"36136757319856","#3366cc","🦂"
"62387953308591","#3366cc","🦀"
"62458583601963","#3366cc","🦑"
"68678370941746","#3366cc","🐙"
"37105751473971","#3366cc","🦐"
"42847639342233","#3366cc","🐠"
"4328180385906","#3366cc","🐟"
"75572685047785","#3366cc","🐡"
"54349909049621","#3366cc","🐬"
"93007176319606","#3366cc","🦈"
"50532109360458","#3366cc","🐳"
"39905549697533","#3366cc","🐋"
"42927010610200","#3366cc","🐊"
"68762624761444","#3366cc","🐆"
"21691304129404","#3366cc","🐅"
"42289526780270","#3366cc","🐃"
"44163671715261","#3366cc","🐂"
"85823384479537","#3366cc","🐄"
"17770735834618","#3366cc","🦌"
"98665186808754","#3366cc","🐪"
"77751084872405","#3366cc","🐫"
"76085601968730","#3366cc","🐘"
"12165416969063","#3366cc","🦏"
"21436898746265","#3366cc","🦍"
"45138554156356","#3366cc","🐎"
"2310099733206","#3366cc","🐖"
"80287249889358","#3366cc","🐐"
"68254035277410","#3366cc","🐏"
"85829000447797","#3366cc","🐑"
"42970763585982","#3366cc","🐕"
"51383184386130","#3366cc","🐩"
"91637128494510","#3366cc","🐈"
"43679441857933","#3366cc","🐓"
"74499695410253","#3366cc","🦃"
"58312156916741","#3366cc","🕊"
"98279553278479","#3366cc","🐇"
"40132663883330","#3366cc","🐁"
"78186892661353","#3366cc","🐀"
"71385131809574","#3366cc","🐿"
"18871962613832","#3366cc","🐉"
"93224099182162","#3366cc","🐲"
"95135560908883","#3366cc","⛄️"
"55385314605843","#3366cc","🤡"
"27512799309339","#3366cc","👻"
"94260393499517","#3366cc","👹"
"40580598609792","#3366cc","👺"
"33595227372644","#3366cc","👽"
"20480965739340","#3366cc","🎃"
"39486345899983","#3366cc","👾"
"30198485045786","#3366cc","🤖"
"32209878662698","#3366cc","🎃"
"68837027330341","#3366cc","⚽️"
"6306866931871","#3366cc","🏀"
"38094031316272","#3366cc","🏈"
"61508269869493","#3366cc","⚾️"
"6756824910061","#3366cc","🎾"
"42874383154732","#3366cc","🏐"
"79594953954031","#3366cc","🏉"
"26183398033577","#3366cc","🎱"
"1607945562157","#3366cc","🏓"
"33918780756145","#3366cc","🏸"
"97516949240824","#3366cc","🎤"
"29633105653167","#3366cc","🎹"
"74757508782091","#3366cc","🥁"
"61052073194203","#3366cc","🎷"
"45557634460533","#3366cc","🎺"
"34830475149131","#3366cc","🎸"
"13741966157100","#3366cc","🎻"
"66546302738853","#3366cc","🎲"
"65116125189287","#3366cc","🎯"
"55463073055941","#3366cc","🎳"
"65646131087861","#3366cc","🎮"
"18017979160890","#3366cc","🎰"
"93711180236987","#3366cc","🚗"
"86696628148991","#3366cc","🚕"
"39170492039607","#3366cc","⌚️"
"85689883532789","#3366cc","💽"
"83974346604186","#3366cc","🖨"
"75304832717080","#3366cc","💾"
"12313261913281","#3366cc","🎥"
"65589388350764","#3366cc","📺"
"7773766670270","#3366cc","📻"
"1485201065188","#3366cc","🎙"
"23957743227462","#3366cc","⏰"
"23278432909063","#3366cc","🛢"
"71574019022087","#3366cc","💎"
"57785078910079","#3366cc","🔧"
"9137045922287","#3366cc","🔨"
"81347100614266","#3366cc","🔩"
"66462958541914","#3366cc","⚙️"
"99302712641331","#3366cc","💣"
"76034359063969","#3366cc","🔮"
"54347845751022","#3366cc","🔬"
"31933533135770","#3366cc","💊"
"20020028632143","#3366cc","💉"
"91662399699754","#3366cc","🛎"
"75798160757775","#3366cc","🔑"
"51254373673002","#3366cc","🎁"
"15006402560978","#3366cc","🎈"
"82234801343751","#3366cc","📦"
"30000891410746","#3366cc","📯"
"23519449319466","#3366cc","🖌"
"18521055867206","#3366cc","✂️"
"39098374656913","#3366cc","✏️"
"28912898073397","#3366cc","🖍"
"87630708370185","#3366cc","🔒"
"46814125285863","#3366cc","🀄️"
"22113947580621","#3366cc","🃏"
"41997491774148","#3366cc","♠️"
"23428353119375","#3366cc","♣️"
"23513372020569","#3366cc","♥️"
"36059677571086","#3366cc","♦️"
"10288596903108","#3366cc","📎"
"99030794202830","#3366cc","📚"
"97119758043959","#3366cc","🚀"
"53116470972595","#3366cc","🛰"
"73877157025913","#3366cc","💺"
"75379854336092","#3366cc","⛵️"
"30553656830710","#3366cc","🛥"
"78787069618137","#3366cc","⛽️"
"94731157596563","#dc3912","🐶"
"60276593947911","#dc3912","🐱"
"72007888589058","#dc3912","🐭"
"38772077224576","#dc3912","🐹"
"52810098301996","#dc3912","🐰"
"82966665356870","#dc3912","🦊"
"30535623072895","#dc3912","🐻"
"18755159768627","#dc3912","🐼"
"84424511568818","#dc3912","🐨"
"40041106212903","#dc3912","🐯"
"25289003749046","#dc3912","🦁"
"9168055657841","#dc3912","🐮"
"9513486507122","#dc3912","🐷"
"12711945228610","#dc3912","🐽"
"98886959580186","#dc3912","🐸"
"910428073681","#dc3912","🐒"
"67846685400161","#dc3912","🐔"
"97100493962457","#dc3912","🐧"
"14691078064353","#dc3912","🐦"
"27982924798495","#dc3912","🐤"
"60792384511228","#dc3912","🐣"
"85570003039003","#dc3912","🐥"
"56853605414206","#dc3912","🦆"
"70942315818249","#dc3912","🦅"
"37329381395750","#dc3912","🦉"
"6990187059617","#dc3912","🦇"
"88301850943035","#dc3912","🐺"
"11261749645351","#dc3912","🐗"
"32048586212121","#dc3912","🐴"
"44758920159544","#dc3912","🦄"
"83571535620638","#dc3912","🐝"
"87036782543657","#dc3912","🐛"
"81188641014131","#dc3912","🦋"
"57883544805405","#dc3912","🐌"
"71567357551105","#dc3912","🐚"
"29327038968599","#dc3912","🐞"
"33494704232315","#dc3912","🐜"
"91530494900201","#dc3912","🕷"
"22239232259913","#dc3912","🕸"
"97352081815410","#dc3912","🐢"
"89813436469907","#dc3912","🐍"
"65123978287504","#dc3912","🦎"
"94446571028999","#dc3912","🦂"
"61104258597411","#dc3912","🦀"
"27676768986357","#dc3912","🦑"
"24115783499607","#dc3912","🐙"
"1390407933569","#dc3912","🦐"
"68592428168557","#dc3912","🐠"
"14638395148626","#dc3912","🐟"
"73742623056165","#dc3912","🐡"
"53824955203488","#dc3912","🐬"
"45061851406964","#dc3912","🦈"
"87138207250804","#dc3912","🐳"
"89430866432111","#dc3912","🐋"
"44556688072419","#dc3912","🐊"
"23368950478438","#dc3912","🐆"
"39556211624087","#dc3912","🐅"
"87094208266164","#dc3912","🐃"
"82859864357327","#dc3912","🐂"
"39513368038234","#dc3912","🐄"
"32954075621885","#dc3912","🦌"
"6630573564502","#dc3912","🐪"
"87702139135311","#dc3912","🐫"
"89863764303672","#dc3912","🐘"
"2558549401610","#dc3912","🦏"
"79642703886908","#dc3912","🦍"
"5283526659609","#dc3912","🐎"
"17307469163698","#dc3912","🐖"
"45705518147771","#dc3912","🐐"
"58559517729356","#dc3912","🐏"
"80942541957340","#dc3912","🐑"
"86088025703135","#dc3912","🐕"
"8462772941432","#dc3912","🐩"
"28886461317952","#dc3912","🐈"
"45308183853192","#dc3912","🐓"
"54183125008914","#dc3912","🦃"
"27089190681972","#dc3912","🕊"
"95720783525947","#dc3912","🐇"
"18525338321237","#dc3912","🐁"
"11063256166439","#dc3912","🐀"
"96679693319219","#dc3912","🐿"
"55574544591631","#dc3912","🐉"
"43072922221884","#dc3912","🐲"
"32168963613067","#dc3912","⛄️"
"50767798326335","#dc3912","🤡"
"91354343151373","#dc3912","👻"
"42557756110354","#dc3912","👹"
"10230112034003","#dc3912","👺"
"30114027871803","#dc3912","👽"
"11089402861469","#dc3912","🎃"
"34875551534293","#dc3912","👾"
"4428523129051","#dc3912","🤖"
"37115002347675","#dc3912","🎃"
"11937592463538","#dc3912","⚽️"
"52398663969896","#dc3912","🏀"
"40478257853760","#dc3912","🏈"
"87840927293450","#dc3912","⚾️"
"33099036772315","#dc3912","🎾"
"53672046798128","#dc3912","🏐"
"88925780164508","#dc3912","🏉"
"33512302177731","#dc3912","🎱"
"64814064402512","#dc3912","🏓"
"38702815183765","#dc3912","🏸"
"7390776140331","#dc3912","🎤"
"74597049446123","#dc3912","🎹"
"81179637360004","#dc3912","🥁"
"3671037454004","#dc3912","🎷"
"35549750707833","#dc3912","🎺"
"16167353473681","#dc3912","🎸"
"67577346352663","#dc3912","🎻"
"63764834852779","#dc3912","🎲"
"34192236389123","#dc3912","🎯"
"35420899249343","#dc3912","🎳"
"22965215110669","#dc3912","🎮"
"44210075235092","#dc3912","🎰"
"53000816261861","#dc3912","🚗"
"35808989515439","#dc3912","🚕"
"36400360118784","#dc3912","⌚️"
"70160677689202","#dc3912","💽"
"11144888639051","#dc3912","🖨"
"37881013908368","#dc3912","💾"
"39159236773457","#dc3912","🎥"
"18904840349641","#dc3912","📺"
"66525573128147","#dc3912","📻"
"16191460851669","#dc3912","🎙"
"47053690369731","#dc3912","⏰"
"29812288251618","#dc3912","🛢"
"55189680426935","#dc3912","💎"
"53968701909281","#dc3912","🔧"
"86020103183584","#dc3912","🔨"
"70375527381140","#dc3912","🔩"
"67908234320538","#dc3912","⚙️"
"94341739171343","#dc3912","💣"
"12770539807514","#dc3912","🔮"
"90761008761246","#dc3912","🔬"
"55033650274869","#dc3912","💊"
"37615324434645","#dc3912","💉"
"68735709725290","#dc3912","🛎"
"6940397623432","#dc3912","🔑"
"79567706854812","#dc3912","🎁"
"47872412180468","#dc3912","🎈"
"16417513329730","#dc3912","📦"
"4782092014691","#dc3912","📯"
"17197566906547","#dc3912","🖌"
"2707863181227","#dc3912","✂️"
"90642230068632","#dc3912","✏️"
"13800612936634","#dc3912","🖍"
"70957186478635","#dc3912","🔒"
"74128579010315","#dc3912","🀄️"
"91432619044293","#dc3912","🃏"
"30423018443595","#dc3912","♠️"
"26795434079503","#dc3912","♣️"
"81718718950505","#dc3912","♥️"
"95852297170018","#dc3912","♦️"
"14757015050741","#dc3912","📎"
"27000634291675","#dc3912","📚"
"46484859355951","#dc3912","🚀"
"80947450632670","#dc3912","🛰"
"50519149261768","#dc3912","💺"
"63444339513519","#dc3912","⛵️"
"7048553930152","#dc3912","🛥"
"66847219582110","#dc3912","⛽️"
"99580260226307","#ff9900","🐶"
"42124688738083","#ff9900","🐱"
"87135869538009","#ff9900","🐭"
"49671246972713","#ff9900","🐹"
"74006599268879","#ff9900","🐰"
"62711806950490","#ff9900","🦊"
"49742960906467","#ff9900","🐻"
"49749449058319","#ff9900","🐼"
"45551992368675","#ff9900","🐨"
"85584413952000","#ff9900","🐯"
"66650364020210","#ff9900","🦁"
"61408246756255","#ff9900","🐮"
"12851169292280","#ff9900","🐷"
"43438849571830","#ff9900","🐽"
"11955988179871","#ff9900","🐸"
"55818924846043","#ff9900","🐒"
"88943966286696","#ff9900","🐔"
"75210188038279","#ff9900","🐧"
"35940768912406","#ff9900","🐦"
"11978223506351","#ff9900","🐤"
"97028044330434","#ff9900","🐣"
"31956714406589","#ff9900","🐥"
"95828832171777","#ff9900","🦆"
"28889259104099","#ff9900","🦅"
"9083719695491","#ff9900","🦉"
"6638057765848","#ff9900","🦇"
"58329241377454","#ff9900","🐺"
"26764539827948","#ff9900","🐗"
"72704160526722","#ff9900","🐴"
"47800478082057","#ff9900","🦄"
"80872020861540","#ff9900","🐝"
"42072163355570","#ff9900","🐛"
"57035568709036","#ff9900","🦋"
"18305472572476","#ff9900","🐌"
"16032934941366","#ff9900","🐚"
"80832020324111","#ff9900","🐞"
"48457604203586","#ff9900","🐜"
"97668148017333","#ff9900","🕷"
"23737846325960","#ff9900","🕸"
"96754032278784","#ff9900","🐢"
"45803360103537","#ff9900","🐍"
"74346123530690","#ff9900","🦎"
"63946406992127","#ff9900","🦂"
"23858795978063","#ff9900","🦀"
"81383191552657","#ff9900","🦑"
"74391669535260","#ff9900","🐙"
"41191858724314","#ff9900","🦐"
"19981575161210","#ff9900","🐠"
"39461117023351","#ff9900","🐟"
"15852210445260","#ff9900","🐡"
"60397938061690","#ff9900","🐬"
"52629748942623","#ff9900","🦈"
"42770909305089","#ff9900","🐳"
"67378519739666","#ff9900","🐋"
"74196962487975","#ff9900","🐊"
"97344970981285","#ff9900","🐆"
"47154771558546","#ff9900","🐅"
"61864391184348","#ff9900","🐃"
"60917908447290","#ff9900","🐂"
"96745148253042","#ff9900","🐄"
"5110098889614","#ff9900","🦌"
"38401828677580","#ff9900","🐪"
"18388190734380","#ff9900","🐫"
"94935202456514","#ff9900","🐘"
"74714452156198","#ff9900","🦏"
"38555574574766","#ff9900","🦍"
"4981242076019","#ff9900","🐎"
"65830590140926","#ff9900","🐖"
"40044030798619","#ff9900","🐐"
"91756329309081","#ff9900","🐏"
"11210632050042","#ff9900","🐑"
"96189774897037","#ff9900","🐕"
"96103523576680","#ff9900","🐩"
"60352732222691","#ff9900","🐈"
"72052016282478","#ff9900","🐓"
"74914386810229","#ff9900","🦃"
"33362381967419","#ff9900","🕊"
"87893112976054","#ff9900","🐇"
"68756355004737","#ff9900","🐁"
"31349558630655","#ff9900","🐀"
"40787540255481","#ff9900","🐿"
"17619745115572","#ff9900","🐉"
"10364144253714","#ff9900","🐲"
"30327879418771","#ff9900","⛄️"
"45760818499029","#ff9900","🤡"
"66342564889389","#ff9900","👻"
"85429892123411","#ff9900","👹"
"81688832669373","#ff9900","👺"
"15793294886030","#ff9900","👽"
"17020086160404","#ff9900","🎃"
"42979565422506","#ff9900","👾"
"3335826798964","#ff9900","🤖"
"39882124280502","#ff9900","🎃"
"24975937150873","#ff9900","⚽️"
"27029525035540","#ff9900","🏀"
"97603100676836","#ff9900","🏈"
"2428782220198","#ff9900","⚾️"
"79195770099384","#ff9900","🎾"
"5397511928061","#ff9900","🏐"
"6011427988303","#ff9900","🏉"
"13624953112390","#ff9900","🎱"
"44719066631383","#ff9900","🏓"
"11840544413700","#ff9900","🏸"
"76944703737713","#ff9900","🎤"
"62542563612825","#ff9900","🎹"
"76871649397943","#ff9900","🥁"
"72301271777740","#ff9900","🎷"
"66709912133733","#ff9900","🎺"
"13158054236861","#ff9900","🎸"
"32296429403264","#ff9900","🎻"
"90177392256528","#ff9900","🎲"
"76985524304670","#ff9900","🎯"
"99598691146633","#ff9900","🎳"
"53747517314621","#ff9900","🎮"
"29465017993685","#ff9900","🎰"
"91602106574737","#ff9900","🚗"
"40563830007130","#ff9900","🚕"
"27310286800987","#ff9900","⌚️"
"3564078362455","#ff9900","💽"
"26756025863232","#ff9900","🖨"
"93046706911663","#ff9900","💾"
"32355257045643","#ff9900","🎥"
"46916463247927","#ff9900","📺"
"58849171017692","#ff9900","📻"
"29336155405890","#ff9900","🎙"
"47972554363297","#ff9900","⏰"
"43681949024871","#ff9900","🛢"
"74509465170330","#ff9900","💎"
"54993542076551","#ff9900","🔧"
"65891330114515","#ff9900","🔨"
"6596787649484","#ff9900","🔩"
"56978708671861","#ff9900","⚙️"
"25667992246182","#ff9900","💣"
"42563947589399","#ff9900","🔮"
"56854543954531","#ff9900","🔬"
"61444007121698","#ff9900","💊"
"56339757589781","#ff9900","💉"
"91975197471666","#ff9900","🛎"
"26916636352854","#ff9900","🔑"
"83570826558196","#ff9900","🎁"
"48262832056853","#ff9900","🎈"
"1133835828459","#ff9900","📦"
"98203824785632","#ff9900","📯"
"55542634732808","#ff9900","🖌"
"21133457832566","#ff9900","✂️"
"64624849597283","#ff9900","✏️"
"26149792702007","#ff9900","🖍"
"71308843033066","#ff9900","🔒"
"15805919056667","#ff9900","🀄️"
"89620680077756","#ff9900","🃏"
"98032200195841","#ff9900","♠️"
"65030614922303","#ff9900","♣️"
"48424866259295","#ff9900","♥️"
"92176679145627","#ff9900","♦️"
"62466979055882","#ff9900","📎"
"64151178889046","#ff9900","📚"
"34310376008185","#ff9900","🚀"
"37348448688792","#ff9900","🛰"
"27951608750946","#ff9900","💺"
"67929262047600","#ff9900","⛵️"
"35740871464712","#ff9900","🛥"
"86960219911746","#ff9900","⛽️"
"3825610784732","#109618","🐶"
"65494466463799","#109618","🐱"
"6210402495325","#109618","🐭"
"98926927102229","#109618","🐹"
"3155022488513","#109618","🐰"
"67550677511631","#109618","🦊"
"82623275873541","#109618","🐻"
"90041459812802","#109618","🐼"
"33743889086760","#109618","🐨"
"59620104851024","#109618","🐯"
"18594638406575","#109618","🦁"
"4547176931308","#109618","🐮"
"56529704973348","#109618","🐷"
"98384458384655","#109618","🐽"
"68002733899281","#109618","🐸"
"7108434293003","#109618","🐒"
"52369859606199","#109618","🐔"
"14439930494148","#109618","🐧"
"97961959521268","#109618","🐦"
"12567264545973","#109618","🐤"
"82999361019115","#109618","🐣"
"60111815650068","#109618","🐥"
"19851390514453","#109618","🦆"
"3335468100074","#109618","🦅"
"6888519416976","#109618","🦉"
"25021583039789","#109618","🦇"
"15429644386949","#109618","🐺"
"56186003590089","#109618","🐗"
"16837951641920","#109618","🐴"
"10975640737905","#109618","🦄"
"67691325614085","#109618","🐝"
"94434178152323","#109618","🐛"
"75897978095290","#109618","🦋"
"49581469571954","#109618","🐌"
"41773780827305","#109618","🐚"
"83546924397138","#109618","🐞"
"47514267800149","#109618","🐜"
"89619147213929","#109618","🕷"
"87762857828178","#109618","🕸"
"58254337943277","#109618","🐢"
"1588322828332","#109618","🐍"
"50401899847389","#109618","🦎"
"30405966299775","#109618","🦂"
"27577412606951","#109618","🦀"
"3181992472699","#109618","🦑"
"58093660584694","#109618","🐙"
"80645862538668","#109618","🦐"
"19427789663629","#109618","🐠"
"10686991648137","#109618","🐟"
"67443592784667","#109618","🐡"
"75202581135184","#109618","🐬"
"43315519552359","#109618","🦈"
"34871601655553","#109618","🐳"
"54230874988357","#109618","🐋"
"49279317562132","#109618","🐊"
"17029147370266","#109618","🐆"
"16554952746515","#109618","🐅"
"31275048400869","#109618","🐃"
"31944968426574","#109618","🐂"
"4015985971324","#109618","🐄"
"57911530350293","#109618","🦌"
"71600048370473","#109618","🐪"
"14074593183619","#109618","🐫"
"92500034017721","#109618","🐘"
"21240856648069","#109618","🦏"
"57156507324965","#109618","🦍"
"77101850592113","#109618","🐎"
"83343857844985","#109618","🐖"
"42334851130067","#109618","🐐"
"40251827212167","#109618","🐏"
"34785763283626","#109618","🐑"
"70029194965040","#109618","🐕"
"80719357114620","#109618","🐩"
"24596933426613","#109618","🐈"
"27856298828430","#109618","🐓"
"18310941857430","#109618","🦃"
"83304524087954","#109618","🕊"
"13357749215028","#109618","🐇"
"89134784130907","#109618","🐁"
"26589861897095","#109618","🐀"
"52612198122130","#109618","🐿"
"76283813489733","#109618","🐉"
"67984457252539","#109618","🐲"
"81681890777164","#109618","⛄️"
"80283347182107","#109618","🤡"
"56960465226769","#109618","👻"
"10838674246724","#109618","👹"
"71496774615485","#109618","👺"
"42749847817583","#109618","👽"
"59230828592195","#109618","🎃"
"92664332451608","#109618","👾"
"39772256249455","#109618","🤖"
"78513266648404","#109618","🎃"
"74723789968864","#109618","⚽️"
"27901815496339","#109618","🏀"
"31168607310936","#109618","🏈"
"41230474804169","#109618","⚾️"
"84923566498292","#109618","🎾"
"89615967911489","#109618","🏐"
"86267811146689","#109618","🏉"
"42831801969014","#109618","🎱"
"11128976294365","#109618","🏓"
"73024739172786","#109618","🏸"
"84815193333111","#109618","🎤"
"50306402449638","#109618","🎹"
"59644942898137","#109618","🥁"
"53125484265911","#109618","🎷"
"96461040804377","#109618","🎺"
"11842792952360","#109618","🎸"
"53784862232294","#109618","🎻"
"10455425507601","#109618","🎲"
"59035206520480","#109618","🎯"
"8104059290189","#109618","🎳"
"66097605538599","#109618","🎮"
"39655109466824","#109618","🎰"
"2074034606141","#109618","🚗"
"35046434605050","#109618","🚕"
"4224615313217","#109618","⌚️"
"11888940405048","#109618","💽"
"90765077709576","#109618","🖨"
"42787437440262","#109618","💾"
"51536519896023","#109618","🎥"
"75869501883103","#109618","📺"
"71722115050871","#109618","📻"
"23907100746364","#109618","🎙"
"57656119790699","#109618","⏰"
"35594760969092","#109618","🛢"
"23889237048052","#109618","💎"
"71326721958502","#109618","🔧"
"33415276945296","#109618","🔨"
"92705027569413","#109618","🔩"
"59977377932508","#109618","⚙️"
"36179322207430","#109618","💣"
"22486995636712","#109618","🔮"
"22997035283128","#109618","🔬"
"41825873237953","#109618","💊"
"68478321735038","#109618","💉"
"50394197576862","#109618","🛎"
"35842125227601","#109618","🔑"
"44630622744853","#109618","🎁"
"9657842949804","#109618","🎈"
"42345570094113","#109618","📦"
"41167371599547","#109618","📯"
"17741119590467","#109618","🖌"
"23143805946756","#109618","✂️"
"25136838771932","#109618","✏️"
"19538777423807","#109618","🖍"
"76140106365149","#109618","🔒"
"12001316161826","#109618","🀄️"
"53222348146709","#109618","🃏"
"83198565842210","#109618","♠️"
"912052859045","#109618","♣️"
"51865054970544","#109618","♥️"
"71150726252771","#109618","♦️"
"79709027185900","#109618","📎"
"80693258801798","#109618","📚"
"3022530722907","#109618","🚀"
"70678658024723","#109618","🛰"
"56889681684267","#109618","💺"
"22659078809739","#109618","⛵️"
"14398573997616","#109618","🛥"
"74511012190259","#109618","⛽️"
"20061069317190","#990099","🐶"
"47012415922718","#990099","🐱"
"49696133588299","#990099","🐭"
"43907978685529","#990099","🐹"
"27560678509790","#990099","🐰"
"51949139848327","#990099","🦊"
"64329210093398","#990099","🐻"
"57062327189865","#990099","🐼"
"71347436854311","#990099","🐨"
"38304986403465","#990099","🐯"
"62858714099441","#990099","🦁"
"91831251928504","#990099","🐮"
"88313336525258","#990099","🐷"
"12299938319390","#990099","🐽"
"63910749211865","#990099","🐸"
"31198567539080","#990099","🐒"
"2279887209776","#990099","🐔"
"23197850223257","#990099","🐧"
"23448810923587","#990099","🐦"
"97386119094391","#990099","🐤"
"73471907793298","#990099","🐣"
"71690279651289","#990099","🐥"
"61648062878124","#990099","🦆"
"54249523279373","#990099","🦅"
"48499492205912","#990099","🦉"
"49425563285791","#990099","🦇"
"92782856287799","#990099","🐺"
"35396746795343","#990099","🐗"
"38167207473035","#990099","🐴"
"84032111514374","#990099","🦄"
"26907287131486","#990099","🐝"
"58297618831646","#990099","🐛"
"22463854971557","#990099","🦋"
"32493506293973","#990099","🐌"
"27070721717118","#990099","🐚"
"59373401086485","#990099","🐞"
"20792061146717","#990099","🐜"
"76542711572974","#990099","🕷"
"55997801132499","#990099","🕸"
"69472344717696","#990099","🐢"
"8412434257758","#990099","🐍"
"1130050933514","#990099","🦎"
"70002423864790","#990099","🦂"
"49911529407795","#990099","🦀"
"31557942615616","#990099","🦑"
"96130415795431","#990099","🐙"
"93104349492632","#990099","🦐"
"91183848162732","#990099","🐠"
"66662098079296","#990099","🐟"
"82645533505196","#990099","🐡"
"60099593019159","#990099","🐬"
"37071923276908","#990099","🦈"
"83577974924621","#990099","🐳"
"20664823903080","#990099","🐋"
"77414164029720","#990099","🐊"
"29002757523675","#990099","🐆"
"19322905558777","#990099","🐅"
"35735990635927","#990099","🐃"
"997425429987","#990099","🐂"
"67005055941178","#990099","🐄"
"21608346291635","#990099","🦌"
"29946708553445","#990099","🐪"
"79016902427662","#990099","🐫"
"68423574449691","#990099","🐘"
"51005750685467","#990099","🦏"
"46839132833685","#990099","🦍"
"25574433303239","#990099","🐎"
"5362389472016","#990099","🐖"
"27285296016971","#990099","🐐"
"46511215598560","#990099","🐏"
"18736697928391","#990099","🐑"
"89265666431405","#990099","🐕"
"48127987910121","#990099","🐩"
"71805933663531","#990099","🐈"
"24860914435638","#990099","🐓"
"38236426533309","#990099","🦃"
"68127745887324","#990099","🕊"
"91824316602118","#990099","🐇"
"57596366273982","#990099","🐁"
"48007019957530","#990099","🐀"
"92391450559902","#990099","🐿"
"77820406238464","#990099","🐉"
"18013713470666","#990099","🐲"
"86416999290891","#990099","⛄️"
"4031947210445","#990099","🤡"
"39277122048324","#990099","👻"
"59835727726964","#990099","👹"
"48274020128079","#990099","👺"
"96152463646676","#990099","👽"
"64547436388464","#990099","🎃"
"68359990170393","#990099","👾"
"96161110697389","#990099","🤖"
"68335626911528","#990099","🎃"
"75046210258755","#990099","⚽️"
"81117085172383","#990099","🏀"
"67488462183386","#990099","🏈"
"98706473176696","#990099","⚾️"
"32362501664255","#990099","🎾"
"79413119367981","#990099","🏐"
"85987498744385","#990099","🏉"
"98965977178405","#990099","🎱"
"88748060347860","#990099","🏓"
"53244292714281","#990099","🏸"
"35055846178464","#990099","🎤"
"24750479741371","#990099","🎹"
"4603087019456","#990099","🥁"
"7479590786378","#990099","🎷"
"31211273619537","#990099","🎺"
"74594790057556","#990099","🎸"
"74719266116022","#990099","🎻"
"6731401992371","#990099","🎲"
"81193651063923","#990099","🎯"
"14621535602315","#990099","🎳"
"29402431021166","#990099","🎮"
"5643102668990","#990099","🎰"
"2712255019094","#990099","🚗"
"95051639664476","#990099","🚕"
"25058480829493","#990099","⌚️"
"59749707933398","#990099","💽"
"44583410650763","#990099","🖨"
"72306269906603","#990099","💾"
"56448080091014","#990099","🎥"
"61726061609446","#990099","📺"
"30424477546673","#990099","📻"
"69746401472830","#990099","🎙"
"93623403643082","#990099","⏰"
"14864848421357","#990099","🛢"
"92887426071282","#990099","💎"
"20768046714723","#990099","🔧"
"27702309204126","#990099","🔨"
"87730800075331","#990099","🔩"
"19320210404377","#990099","⚙️"
"35283692197540","#990099","💣"
"80246909000094","#990099","🔮"
"38831009733877","#990099","🔬"
"49358682450539","#990099","💊"
"1658855845061","#990099","💉"
"57256572953079","#990099","🛎"
"52585209837455","#990099","🔑"
"86763465444912","#990099","🎁"
"52492951719319","#990099","🎈"
"918609975333","#990099","📦"
"72775894530478","#990099","📯"
"4541360356165","#990099","🖌"
"36365388816392","#990099","✂️"
"17340146292625","#990099","✏️"
"97490139071592","#990099","🖍"
"87476556649187","#990099","🔒"
"27137196728557","#990099","🀄️"
"77370701021221","#990099","🃏"
"1335523790370","#990099","♠️"
"26822855708572","#990099","♣️"
"61519180779121","#990099","♥️"
"45240695050563","#990099","♦️"
"34648629154380","#990099","📎"
"94974139702959","#990099","📚"
"77490528988414","#990099","🚀"
"44453365748959","#990099","🛰"
"72412967808736","#990099","💺"
"89670656989175","#990099","⛵️"
"44498436313354","#990099","🛥"
"38070502196471","#990099","⛽️"
"75874438125581","#0099c6","🐶"
"88988976361690","#0099c6","🐱"
"22346294728269","#0099c6","🐭"
"44167190857309","#0099c6","🐹"
"73072687989600","#0099c6","🐰"
"4867244141580","#0099c6","🦊"
"49734311154919","#0099c6","🐻"
"46136269600194","#0099c6","🐼"
"23221082670251","#0099c6","🐨"
"27658166283582","#0099c6","🐯"
"74472671223093","#0099c6","🦁"
"28156165372653","#0099c6","🐮"
"22495244966119","#0099c6","🐷"
"98767051239855","#0099c6","🐽"
"85573214472072","#0099c6","🐸"
"37292764027273","#0099c6","🐒"
"98224856377683","#0099c6","🐔"
"53525247310067","#0099c6","🐧"
"24191744497135","#0099c6","🐦"
"66505314766664","#0099c6","🐤"
"28596035171577","#0099c6","🐣"
"17794675295145","#0099c6","🐥"
"57300424043694","#0099c6","🦆"
"44938671190728","#0099c6","🦅"
"22216835023004","#0099c6","🦉"
"14029338962412","#0099c6","🦇"
"30861277613258","#0099c6","🐺"
"83102284410550","#0099c6","🐗"
"24040756525490","#0099c6","🐴"
"16270357890180","#0099c6","🦄"
"45461786699230","#0099c6","🐝"
"88162029063404","#0099c6","🐛"
"41457272293724","#0099c6","🦋"
"38262631948228","#0099c6","🐌"
"60841952292640","#0099c6","🐚"
"42365696533753","#0099c6","🐞"
"97786208799940","#0099c6","🐜"
"49871890642620","#0099c6","🕷"
"53761507456079","#0099c6","🕸"
"81543572610962","#0099c6","🐢"
"97825154195458","#0099c6","🐍"
"40903697601009","#0099c6","🦎"
"84757041132430","#0099c6","🦂"
"94957094264662","#0099c6","🦀"
"50070846010963","#0099c6","🦑"
"77644624597227","#0099c6","🐙"
"55029654575059","#0099c6","🦐"
"30612610061938","#0099c6","🐠"
"63303538487899","#0099c6","🐟"
"43361474733502","#0099c6","🐡"
"61056226986020","#0099c6","🐬"
"66339134921477","#0099c6","🦈"
"26558095974176","#0099c6","🐳"
"55057491899960","#0099c6","🐋"
"36946151189946","#0099c6","🐊"
"45432069360014","#0099c6","🐆"
"23761544573941","#0099c6","🐅"
"66474761518870","#0099c6","🐃"
"11972135124715","#0099c6","🐂"
"38010282319975","#0099c6","🐄"
"8251772265998","#0099c6","🦌"
"40649549868260","#0099c6","🐪"
"68491595270341","#0099c6","🐫"
"38034293958001","#0099c6","🐘"
"84711859833780","#0099c6","🦏"
"99462308082479","#0099c6","🦍"
"42287495612300","#0099c6","🐎"
"54360236858185","#0099c6","🐖"
"38678869157414","#0099c6","🐐"
"67555573008747","#0099c6","🐏"
"91248026253305","#0099c6","🐑"
"47916093770375","#0099c6","🐕"
"47674593584460","#0099c6","🐩"
"13397948636393","#0099c6","🐈"
"88781968359268","#0099c6","🐓"
"90196293820718","#0099c6","🦃"
"45323900107910","#0099c6","🕊"
"52232478955868","#0099c6","🐇"
"66407390016320","#0099c6","🐁"
"50587932556210","#0099c6","🐀"
"94560501442551","#0099c6","🐿"
"19157718177492","#0099c6","🐉"
"37921786791608","#0099c6","🐲"
"3105240828872","#0099c6","⛄️"
"76156807260660","#0099c6","🤡"
"22797581144979","#0099c6","👻"
"20567347025762","#0099c6","👹"
"98722302400843","#0099c6","👺"
"22619949245182","#0099c6","👽"
"30662638661760","#0099c6","🎃"
"6502223949181","#0099c6","👾"
"62401940376684","#0099c6","🤖"
"34226224773668","#0099c6","🎃"
"13103008695460","#0099c6","⚽️"
"40121889459025","#0099c6","🏀"
"66880513060316","#0099c6","🏈"
"23825626365759","#0099c6","⚾️"
"80759626711141","#0099c6","🎾"
"35332401951464","#0099c6","🏐"
"93303431986506","#0099c6","🏉"
"10008087712343","#0099c6","🎱"
"30750829927041","#0099c6","🏓"
"39139323932649","#0099c6","🏸"
"72097950695128","#0099c6","🎤"
"63028092758277","#0099c6","🎹"
"33708702974817","#0099c6","🥁"
"34268440368710","#0099c6","🎷"
"40298432363336","#0099c6","🎺"
"43194266335663","#0099c6","🎸"
"94435408522577","#0099c6","🎻"
"11187182465189","#0099c6","🎲"
"95089856765740","#0099c6","🎯"
"43172199997665","#0099c6","🎳"
"36791130032758","#0099c6","🎮"
"28657691194050","#0099c6","🎰"
"59634172245689","#0099c6","🚗"
"58160315900184","#0099c6","🚕"
"48672770312369","#0099c6","⌚️"
"38432354078829","#0099c6","💽"
"32291788250343","#0099c6","🖨"
"42504705787871","#0099c6","💾"
"20363757629116","#0099c6","🎥"
"21107134558775","#0099c6","📺"
"32912986042403","#0099c6","📻"
