startTime,endTime
2015-01-12T15:00:00Z,2015-01-12T23:54:00Z
2015-01-26T15:00:00Z,2015-01-27T00:24:00Z
2015-02-09T15:00:00Z,2015-02-10T00:39:00Z
2015-02-23T15:00:00Z,2015-02-24T01:29:00Z
2015-03-09T14:00:00Z,2015-03-10T01:58:00Z
2015-03-23T14:00:00Z,2015-03-24T02:12:00Z
2015-04-06T14:00:00Z,2015-04-07T02:50:00Z
2015-04-20T14:00:00Z,2015-04-21T02:07:00Z
2015-05-04T14:00:00Z,2015-05-05T00:56:00Z
2015-05-18T14:00:00Z,2015-05-19T00:36:00Z
2015-06-01T08:00:00Z,2015-06-02T06:18:00Z
2015-06-29T14:00:00Z,2015-06-30T01:30:00Z
2015-07-13T14:00:00Z,2015-07-14T01:51:00Z
2015-07-27T11:30:00Z,2015-07-28T00:03:00Z
2015-08-31T14:00:00Z,2015-08-31T23:47:00Z
2015-09-14T14:00:00Z,2015-09-15T00:43:00Z
2015-10-05T14:00:00Z,2015-10-06T02:04:00Z
2015-10-19T14:00:00Z,2015-10-20T02:45:00Z
2015-11-02T15:00:00Z,2015-11-02T23:47:00Z
2015-11-16T14:00:00Z,2015-11-17T00:02:00Z
2015-12-07T12:30:00Z,2015-12-08T03:50:00Z
2015-12-21T12:30:00Z,2015-12-22T01:40:00Z
